<?xml version="1.0" encoding="utf-8"?>
<ApplicationInstallerManifest>
   <DefaultInstallationDirectory>/Applications/University_of_Geneva/TOTGS/</DefaultInstallationDirectory>
   <ApplicationName>TOTGS</ApplicationName>
   <ExecutableName>application/TOTGS.exe</ExecutableName>
   <GUID>32d88645-adcc-4b7c-a0dc-d19b725bd639</GUID>
   <ApplicationIcon>default_icon_48.png</ApplicationIcon>
   <Logo>default_logo.png</Logo>
   <Version>2.0</Version>
   <InstallationNotes>In the following directions, replace MCR_ROOT by the directory where the MATLAB Runtime is installed on the target machine.

If the environment variable DYLD_LIBRARY_PATH is undefined, set it to the concatenation of the following strings:

    MCR_ROOT/v90/runtime/maci64:
    MCR_ROOT/v90/sys/os/maci64:
    MCR_ROOT/v90/bin/maci64

If it is defined, set it to the concatenation of these strings:

    ${LD_LIBRARY_PATH}: 
    MCR_ROOT/v90/runtime/maci64:
    MCR_ROOT/v90/sys/os/maci64:
    MCR_ROOT/v90/bin/maci64</InstallationNotes>
   <AuthorOrganization>University of Geneva</AuthorOrganization>
   <Summary>Get tht total grainsize distribution from separate outcrop with the method of Bonadonna and Houghton (2015)</Summary>
   <WelcomePanelText>TOTGS 2.0
Get tht total grainsize distribution from separate outcrop with the method of Bonadonna and Houghton (2015)

Get tht total grainsize distribution from separate outcrop with the method of Bonadonna and Houghton (2015)

S�bastien Biass, Costanza Bonadonna
sebastien.biasse@unige.ch</WelcomePanelText>
   <MCRProducts>
      <MCRProduct>
         <ExternalProductIdentifier>35000</ExternalProductIdentifier>
      </MCRProduct>
      <MCRProduct>
         <ExternalProductIdentifier>35010</ExternalProductIdentifier>
      </MCRProduct>
   </MCRProducts>
</ApplicationInstallerManifest>